{"baseModLoader":{"forgeVersion":"36.2.34","name":"forge-36.2.34","type":1,"downloadUrl":"https://modloaders.forgecdn.net/647622546/maven/net/minecraftforge/forge/1.16.5-36.2.34/forge-1.16.5-36.2.34.jar","filename":"forge-1.16.5-36.2.34.jar","installMethod":3,"latest":false,"recommended":true,"versionJson":"{\"id\":\"forge-36.2.34\",\"time\":\"2022-04-12T16:43:40Z\",\"releaseTime\":\"2022-04-12T16:43:40Z\",\"type\":\"release\",\"minecraftArguments\":null,\"minimumLauncherVersion\":0,\"assets\":null,\"inheritsFrom\":\"1.16.5\",\"jar\":\"forge-36.2.34\",\"logging\":null,\"libraries\":[{\"name\":\"net.minecraftforge:forge:1.16.5-36.2.34\",\"url\":null,\"serverreq\":null,\"clientreq\":null,\"natives\":null,\"extract\":null,\"rules\":null,\"downloads\":{\"artifact\":{\"path\":\"net/minecraftforge/forge/1.16.5-36.2.34/forge-1.16.5-36.2.34.jar\",\"url\":\"https://modloaders.forgecdn.net/647622546/maven/net/minecraftforge/forge/1.16.5-36.2.34/forge-1.16.5-36.2.34.jar\",\"sha1\":\"b05f056824252928b59c746f8a28fe2cf36db6c0\",\"size\":212608}}},{\"name\":\"org.ow2.asm:asm:9.1\",\"url\":null,\"serverreq\":null,\"clientreq\":null,\"natives\":null,\"extract\":null,\"rules\":null,\"downloads\":{\"artifact\":{\"path\":\"org/ow2/asm/asm/9.1/asm-9.1.jar\",\"url\":\"https://modloaders.forgecdn.net/647622546/maven/org/ow2/asm/asm/9.1/asm-9.1.jar\",\"sha1\":\"a99500cf6eea30535eeac6be73899d048f8d12a8\",\"size\":121790}}},{\"name\":\"org.ow2.asm:asm-commons:9.1\",\"url\":null,\"serverreq\":null,\"clientreq\":null,\"natives\":null,\"extract\":null,\"rules\":null,\"downloads\":{\"artifact\":{\"path\":\"org/ow2/asm/asm-commons/9.1/asm-commons-9.1.jar\",\"url\":\"https://modloaders.forgecdn.net/647622546/maven/org/ow2/asm/asm-commons/9.1/asm-commons-9.1.jar\",\"sha1\":\"8b971b182eb5cf100b9e8d4119152d83e00e0fdd\",\"size\":72641}}},{\"name\":\"org.ow2.asm:asm-tree:9.1\",\"url\":null,\"serverreq\":null,\"clientreq\":null,\"natives\":null,\"extract\":null,\"rules\":null,\"downloads\":{\"artifact\":{\"path\":\"org/ow2/asm/asm-tree/9.1/asm-tree-9.1.jar\",\"url\":\"https://modloaders.forgecdn.net/647622546/maven/org/ow2/asm/asm-tree/9.1/asm-tree-9.1.jar\",\"sha1\":\"c333f2a855069cb8eb17a40a3eb8b1b67755d0eb\",\"size\":52662}}},{\"name\":\"org.ow2.asm:asm-util:9.1\",\"url\":null,\"serverreq\":null,\"clientreq\":null,\"natives\":null,\"extract\":null,\"rules\":null,\"downloads\":{\"artifact\":{\"path\":\"org/ow2/asm/asm-util/9.1/asm-util-9.1.jar\",\"url\":\"https://modloaders.forgecdn.net/647622546/maven/org/ow2/asm/asm-util/9.1/asm-util-9.1.jar\",\"sha1\":\"36464a45d871779f3383a8a9aba2b26562a86729\",\"size\":84679}}},{\"name\":\"org.ow2.asm:asm-analysis:9.1\",\"url\":null,\"serverreq\":null,\"clientreq\":null,\"natives\":null,\"extract\":null,\"rules\":null,\"downloads\":{\"artifact\":{\"path\":\"org/ow2/asm/asm-analysis/9.1/asm-analysis-9.1.jar\",\"url\":\"https://modloaders.forgecdn.net/647622546/maven/org/ow2/asm/asm-analysis/9.1/asm-analysis-9.1.jar\",\"sha1\":\"4f61b83b81d8b659958f4bcc48907e93ecea55a0\",\"size\":34257}}},{\"name\":\"cpw.mods:modlauncher:8.1.3\",\"url\":null,\"serverreq\":null,\"clientreq\":null,\"natives\":null,\"extract\":null,\"rules\":null,\"downloads\":{\"artifact\":{\"path\":\"cpw/mods/modlauncher/8.1.3/modlauncher-8.1.3.jar\",\"url\":\"https://modloaders.forgecdn.net/647622546/maven/cpw/mods/modlauncher/8.1.3/modlauncher-8.1.3.jar\",\"sha1\":\"6d0bfd78e025a87d43985e30907aa9ecbc51b2d6\",\"size\":126747}}},{\"name\":\"cpw.mods:grossjava9hacks:1.3.3\",\"url\":null,\"serverreq\":null,\"clientreq\":null,\"natives\":null,\"extract\":null,\"rules\":null,\"downloads\":{\"artifact\":{\"path\":\"cpw/mods/grossjava9hacks/1.3.3/grossjava9hacks-1.3.3.jar\",\"url\":\"https://modloaders.forgecdn.net/647622546/maven/cpw/mods/grossjava9hacks/1.3.3/grossjava9hacks-1.3.3.jar\",\"sha1\":\"e49222512ea6cabdd8b49761cef1d5a207b1f0d9\",\"size\":2113}}},{\"name\":\"net.minecraftforge:accesstransformers:3.0.1\",\"url\":null,\"serverreq\":null,\"clientreq\":null,\"natives\":null,\"extract\":null,\"rules\":null,\"downloads\":{\"artifact\":{\"path\":\"net/minecraftforge/accesstransformers/3.0.1/accesstransformers-3.0.1.jar\",\"url\":\"https://modloaders.forgecdn.net/647622546/maven/net/minecraftforge/accesstransformers/3.0.1/accesstransformers-3.0.1.jar\",\"sha1\":\"6d23c1b9cb0607fddc38d09730796f68db96f546\",\"size\":76586}}},{\"name\":\"org.antlr:antlr4-runtime:4.9.1\",\"url\":null,\"serverreq\":null,\"clientreq\":null,\"natives\":null,\"extract\":null,\"rules\":null,\"downloads\":{\"artifact\":{\"path\":\"org/antlr/antlr4-runtime/4.9.1/antlr4-runtime-4.9.1.jar\",\"url\":\"https://modloaders.forgecdn.net/647622546/maven/org/antlr/antlr4-runtime/4.9.1/antlr4-runtime-4.9.1.jar\",\"sha1\":\"428664f05d2b7f7b7610204b5aa7c1763f62011a\",\"size\":337868}}},{\"name\":\"net.minecraftforge:eventbus:4.0.0\",\"url\":null,\"serverreq\":null,\"clientreq\":null,\"natives\":null,\"extract\":null,\"rules\":null,\"downloads\":{\"artifact\":{\"path\":\"net/minecraftforge/eventbus/4.0.0/eventbus-4.0.0.jar\",\"url\":\"https://modloaders.forgecdn.net/647622546/maven/net/minecraftforge/eventbus/4.0.0/eventbus-4.0.0.jar\",\"sha1\":\"260e34800723e4c098c4e247cf2b900535e01b6d\",\"size\":42873}}},{\"name\":\"net.minecraftforge:forgespi:3.2.0\",\"url\":null,\"serverreq\":null,\"clientreq\":null,\"natives\":null,\"extract\":null,\"rules\":null,\"downloads\":{\"artifact\":{\"path\":\"net/minecraftforge/forgespi/3.2.0/forgespi-3.2.0.jar\",\"url\":\"https://modloaders.forgecdn.net/647622546/maven/net/minecraftforge/forgespi/3.2.0/forgespi-3.2.0.jar\",\"sha1\":\"0c6ca4e4e4a0343701407c760e642537b613b543\",\"size\":20172}}},{\"name\":\"net.minecraftforge:coremods:4.0.6\",\"url\":null,\"serverreq\":null,\"clientreq\":null,\"natives\":null,\"extract\":null,\"rules\":null,\"downloads\":{\"artifact\":{\"path\":\"net/minecraftforge/coremods/4.0.6/coremods-4.0.6.jar\",\"url\":\"https://modloaders.forgecdn.net/647622546/maven/net/minecraftforge/coremods/4.0.6/coremods-4.0.6.jar\",\"sha1\":\"d6d761379c841e2610abebcbf70ed20b65f728f0\",\"size\":25453}}},{\"name\":\"net.minecraftforge:unsafe:0.2.0\",\"url\":null,\"serverreq\":null,\"clientreq\":null,\"natives\":null,\"extract\":null,\"rules\":null,\"downloads\":{\"artifact\":{\"path\":\"net/minecraftforge/unsafe/0.2.0/unsafe-0.2.0.jar\",\"url\":\"https://modloaders.forgecdn.net/647622546/maven/net/minecraftforge/unsafe/0.2.0/unsafe-0.2.0.jar\",\"sha1\":\"54d7a0a5e8fdb71b973025caa46f341ae5904f39\",\"size\":2834}}},{\"name\":\"com.electronwill.night-config:core:3.6.3\",\"url\":null,\"serverreq\":null,\"clientreq\":null,\"natives\":null,\"extract\":null,\"rules\":null,\"downloads\":{\"artifact\":{\"path\":\"com/electronwill/night-config/core/3.6.3/core-3.6.3.jar\",\"url\":\"https://modloaders.forgecdn.net/647622546/maven/com/electronwill/night-config/core/3.6.3/core-3.6.3.jar\",\"sha1\":\"c601bfeaeb2c0abe7aaa901b0bbe6d1beff49281\",\"size\":199091}}},{\"name\":\"com.electronwill.night-config:toml:3.6.3\",\"url\":null,\"serverreq\":null,\"clientreq\":null,\"natives\":null,\"extract\":null,\"rules\":null,\"downloads\":{\"artifact\":{\"path\":\"com/electronwill/night-config/toml/3.6.3/toml-3.6.3.jar\",\"url\":\"https://modloaders.forgecdn.net/647622546/maven/com/electronwill/night-config/toml/3.6.3/toml-3.6.3.jar\",\"sha1\":\"2b05b4d606c517da4d1a7b6d2b97d751c92887d7\",\"size\":31288}}},{\"name\":\"org.jline:jline:3.12.1\",\"url\":null,\"serverreq\":null,\"clientreq\":null,\"natives\":null,\"extract\":null,\"rules\":null,\"downloads\":{\"artifact\":{\"path\":\"org/jline/jline/3.12.1/jline-3.12.1.jar\",\"url\":\"https://modloaders.forgecdn.net/647622546/maven/org/jline/jline/3.12.1/jline-3.12.1.jar\",\"sha1\":\"de2bd909cb9f8eaa741bd03df4a1bd3f6eb593c7\",\"size\":732926}}},{\"name\":\"org.apache.maven:maven-artifact:3.6.3\",\"url\":null,\"serverreq\":null,\"clientreq\":null,\"natives\":null,\"extract\":null,\"rules\":null,\"downloads\":{\"artifact\":{\"path\":\"org/apache/maven/maven-artifact/3.6.3/maven-artifact-3.6.3.jar\",\"url\":\"https://modloaders.forgecdn.net/647622546/maven/org/apache/maven/maven-artifact/3.6.3/maven-artifact-3.6.3.jar\",\"sha1\":\"f8ff8032903882376e8d000c51e3e16d20fc7df7\",\"size\":57824}}},{\"name\":\"net.jodah:typetools:0.8.3\",\"url\":null,\"serverreq\":null,\"clientreq\":null,\"natives\":null,\"extract\":null,\"rules\":null,\"downloads\":{\"artifact\":{\"path\":\"net/jodah/typetools/0.8.3/typetools-0.8.3.jar\",\"url\":\"https://modloaders.forgecdn.net/647622546/maven/net/jodah/typetools/0.8.3/typetools-0.8.3.jar\",\"sha1\":\"98f84f353457629e81cc6827224871b1a8faa7af\",\"size\":15425}}},{\"name\":\"org.apache.logging.log4j:log4j-api:2.15.0\",\"url\":null,\"serverreq\":null,\"clientreq\":null,\"natives\":null,\"extract\":null,\"rules\":null,\"downloads\":{\"artifact\":{\"path\":\"org/apache/logging/log4j/log4j-api/2.15.0/log4j-api-2.15.0.jar\",\"url\":\"https://modloaders.forgecdn.net/647622546/maven/org/apache/logging/log4j/log4j-api/2.15.0/log4j-api-2.15.0.jar\",\"sha1\":\"4a5aa7e55a29391c6f66e0b259d5189aa11e45d0\",\"size\":301804}}},{\"name\":\"org.apache.logging.log4j:log4j-core:2.15.0\",\"url\":null,\"serverreq\":null,\"clientreq\":null,\"natives\":null,\"extract\":null,\"rules\":null,\"downloads\":{\"artifact\":{\"path\":\"org/apache/logging/log4j/log4j-core/2.15.0/log4j-core-2.15.0.jar\",\"url\":\"https://modloaders.forgecdn.net/647622546/maven/org/apache/logging/log4j/log4j-core/2.15.0/log4j-core-2.15.0.jar\",\"sha1\":\"ba55c13d7ac2fd44df9cc8074455719a33f375b9\",\"size\":1789769}}},{\"name\":\"org.apache.logging.log4j:log4j-slf4j18-impl:2.15.0\",\"url\":null,\"serverreq\":null,\"clientreq\":null,\"natives\":null,\"extract\":null,\"rules\":null,\"downloads\":{\"artifact\":{\"path\":\"org/apache/logging/log4j/log4j-slf4j18-impl/2.15.0/log4j-slf4j18-impl-2.15.0.jar\",\"url\":\"https://modloaders.forgecdn.net/647622546/maven/org/apache/logging/log4j/log4j-slf4j18-impl/2.15.0/log4j-slf4j18-impl-2.15.0.jar\",\"sha1\":\"88f72ad364bfc3a7cf43186fc17212f2b4bb8d97\",\"size\":21223}}},{\"name\":\"net.minecrell:terminalconsoleappender:1.2.0\",\"url\":null,\"serverreq\":null,\"clientreq\":null,\"natives\":null,\"extract\":null,\"rules\":null,\"downloads\":{\"artifact\":{\"path\":\"net/minecrell/terminalconsoleappender/1.2.0/terminalconsoleappender-1.2.0.jar\",\"url\":\"https://modloaders.forgecdn.net/647622546/maven/net/minecrell/terminalconsoleappender/1.2.0/terminalconsoleappender-1.2.0.jar\",\"sha1\":\"96d02cd3b384ff015a8fef4223bcb4ccf1717c95\",\"size\":15977}}},{\"name\":\"net.sf.jopt-simple:jopt-simple:5.0.4\",\"url\":null,\"serverreq\":null,\"clientreq\":null,\"natives\":null,\"extract\":null,\"rules\":null,\"downloads\":{\"artifact\":{\"path\":\"net/sf/jopt-simple/jopt-simple/5.0.4/jopt-simple-5.0.4.jar\",\"url\":\"https://modloaders.forgecdn.net/647622546/maven/net/sf/jopt-simple/jopt-simple/5.0.4/jopt-simple-5.0.4.jar\",\"sha1\":\"4fdac2fbe92dfad86aa6e9301736f6b4342a3f5c\",\"size\":78146}}},{\"name\":\"org.spongepowered:mixin:0.8.4\",\"url\":null,\"serverreq\":null,\"clientreq\":null,\"natives\":null,\"extract\":null,\"rules\":null,\"downloads\":{\"artifact\":{\"path\":\"org/spongepowered/mixin/0.8.4/mixin-0.8.4.jar\",\"url\":\"https://modloaders.forgecdn.net/647622546/maven/org/spongepowered/mixin/0.8.4/mixin-0.8.4.jar\",\"sha1\":\"04ec7d77d9ab32596ca0b78bb123956734767e3a\",\"size\":1069391}}},{\"name\":\"net.minecraftforge:nashorn-core-compat:15.1.1.1\",\"url\":null,\"serverreq\":null,\"clientreq\":null,\"natives\":null,\"extract\":null,\"rules\":null,\"downloads\":{\"artifact\":{\"path\":\"net/minecraftforge/nashorn-core-compat/15.1.1.1/nashorn-core-compat-15.1.1.1.jar\",\"url\":\"https://modloaders.forgecdn.net/647622546/maven/net/minecraftforge/nashorn-core-compat/15.1.1.1/nashorn-core-compat-15.1.1.1.jar\",\"sha1\":\"1817deb38a5a8811148dca0d23161d92bdbd6184\",\"size\":2194057}}}],\"mainClass\":\"cpw.mods.modlauncher.Launcher\",\"arguments\":{\"game\":[\"--launchTarget\",\"fmlclient\",\"--fml.forgeVersion\",\"36.2.34\",\"--fml.mcVersion\",\"1.16.5\",\"--fml.forgeGroup\",\"net.minecraftforge\",\"--fml.mcpVersion\",\"20210115.111550\"]}}","librariesInstallLocation":"{0}\\libraries\\net\\minecraftforge\\forge\\1.16.5-36.2.34","minecraftVersion":"1.16.5","installProfileJson":"{\r\n  \"_comment_\": [\r\n    \"Please do not automate the download and installation of Forge.\",\r\n    \"Our efforts are supported by ads from the download page.\",\r\n    \"If you MUST automate this, please consider supporting the project through https://www.patreon.com/LexManos/\"\r\n  ],\r\n  \"profile\": \"forge\",\r\n  \"version\": \"1.16.5-forge-36.2.34\",\r\n  \"json\": \"/version.json\",\r\n  \"path\": \"net.minecraftforge:forge:1.16.5-36.2.34\",\r\n  \"logo\": \"/big_logo.png\",\r\n  \"minecraft\": \"1.16.5\",\r\n  \"welcome\": \"Welcome to the simple Forge installer.\",\r\n  \"data\": {\r\n    \"MAPPINGS\": {\r\n      \"client\": \"[de.oceanlabs.mcp:mcp_config:1.16.5-20210115.111550:mappings@txt]\",\r\n      \"server\": \"[de.oceanlabs.mcp:mcp_config:1.16.5-20210115.111550:mappings@txt]\"\r\n    },\r\n    \"BINPATCH\": {\r\n      \"client\": \"/data/client.lzma\",\r\n      \"server\": \"/data/server.lzma\"\r\n    },\r\n    \"MC_SLIM\": {\r\n      \"client\": \"[net.minecraft:client:1.16.5-20210115.111550:slim]\",\r\n      \"server\": \"[net.minecraft:server:1.16.5-20210115.111550:slim]\"\r\n    },\r\n    \"MC_SLIM_SHA\": {\r\n      \"client\": \"'045d6edac8fe1b004e159c49704b5b729f551079'\",\r\n      \"server\": \"'2042be92779b25878580d9c3662756179a5dc55c'\"\r\n    },\r\n    \"MC_EXTRA\": {\r\n      \"client\": \"[net.minecraft:client:1.16.5-20210115.111550:extra]\",\r\n      \"server\": \"[net.minecraft:server:1.16.5-20210115.111550:extra]\"\r\n    },\r\n    \"MC_EXTRA_SHA\": {\r\n      \"client\": \"'4aef4168f94d97bc73bf510213b2518942f931d1'\",\r\n      \"server\": \"'48927cadca203a714dcc60ee80533c74e74d3a3f'\"\r\n    },\r\n    \"MC_SRG\": {\r\n      \"client\": \"[net.minecraft:client:1.16.5-20210115.111550:srg]\",\r\n      \"server\": \"[net.minecraft:server:1.16.5-20210115.111550:srg]\"\r\n    },\r\n    \"PATCHED\": {\r\n      \"client\": \"[net.minecraftforge:forge:1.16.5-36.2.34:client]\",\r\n      \"server\": \"[net.minecraftforge:forge:1.16.5-36.2.34:server]\"\r\n    },\r\n    \"PATCHED_SHA\": {\r\n      \"client\": \"'f0b1ece7b16290e61d1cd76b67b94ae499ecdd9a'\",\r\n      \"server\": \"'ab260c1be66cb313567baa3dc9f68acde5112d00'\"\r\n    },\r\n    \"MCP_VERSION\": {\r\n      \"client\": \"'20210115.111550'\",\r\n      \"server\": \"'20210115.111550'\"\r\n    }\r\n  },\r\n  \"processors\": [\r\n    {\r\n      \"jar\": \"net.minecraftforge:installertools:1.2.6\",\r\n      \"classpath\": [\r\n        \"net.md-5:SpecialSource:1.10.0\",\r\n        \"net.sf.jopt-simple:jopt-simple:5.0.4\",\r\n        \"com.google.code.gson:gson:2.8.7\",\r\n        \"de.siegmar:fastcsv:2.0.0\",\r\n        \"net.minecraftforge:srgutils:0.4.3\",\r\n        \"org.ow2.asm:asm-commons:9.1\",\r\n        \"com.google.guava:guava:20.0\",\r\n        \"com.opencsv:opencsv:4.4\",\r\n        \"org.ow2.asm:asm-analysis:9.1\",\r\n        \"org.ow2.asm:asm-tree:9.1\",\r\n        \"org.ow2.asm:asm:9.1\",\r\n        \"org.apache.commons:commons-text:1.3\",\r\n        \"org.apache.commons:commons-lang3:3.8.1\",\r\n        \"commons-beanutils:commons-beanutils:1.9.3\",\r\n        \"org.apache.commons:commons-collections4:4.2\",\r\n        \"commons-logging:commons-logging:1.2\",\r\n        \"commons-collections:commons-collections:3.2.2\"\r\n      ],\r\n      \"args\": [\r\n        \"--task\",\r\n        \"MCP_DATA\",\r\n        \"--input\",\r\n        \"[de.oceanlabs.mcp:mcp_config:1.16.5-20210115.111550@zip]\",\r\n        \"--output\",\r\n        \"{MAPPINGS}\",\r\n        \"--key\",\r\n        \"mappings\"\r\n      ]\r\n    },\r\n    {\r\n      \"jar\": \"net.minecraftforge:jarsplitter:1.1.4\",\r\n      \"classpath\": [\r\n        \"net.sf.jopt-simple:jopt-simple:5.0.4\",\r\n        \"net.minecraftforge:srgutils:0.4.3\"\r\n      ],\r\n      \"args\": [\r\n        \"--input\",\r\n        \"{MINECRAFT_JAR}\",\r\n        \"--slim\",\r\n        \"{MC_SLIM}\",\r\n        \"--extra\",\r\n        \"{MC_EXTRA}\",\r\n        \"--srg\",\r\n        \"{MAPPINGS}\"\r\n      ]\r\n    },\r\n    {\r\n      \"jar\": \"net.md-5:SpecialSource:1.8.5\",\r\n      \"classpath\": [\r\n        \"org.ow2.asm:asm-commons:6.1.1\",\r\n        \"net.sf.jopt-simple:jopt-simple:4.9\",\r\n        \"com.google.guava:guava:20.0\",\r\n        \"net.sf.opencsv:opencsv:2.3\",\r\n        \"org.ow2.asm:asm-analysis:6.1.1\",\r\n        \"org.ow2.asm:asm-tree:6.1.1\",\r\n        \"org.ow2.asm:asm:6.1.1\"\r\n      ],\r\n      \"args\": [\r\n        \"--in-jar\",\r\n        \"{MC_SLIM}\",\r\n        \"--out-jar\",\r\n        \"{MC_SRG}\",\r\n        \"--srg-in\",\r\n        \"{MAPPINGS}\"\r\n      ]\r\n    },\r\n    {\r\n      \"jar\": \"net.minecraftforge:binarypatcher:1.0.12\",\r\n      \"classpath\": [\r\n        \"commons-io:commons-io:2.4\",\r\n        \"com.google.guava:guava:25.1-jre\",\r\n        \"net.sf.jopt-simple:jopt-simple:5.0.4\",\r\n        \"com.github.jponge:lzma-java:1.3\",\r\n        \"com.nothome:javaxdelta:2.0.1\",\r\n        \"com.google.code.findbugs:jsr305:3.0.2\",\r\n        \"org.checkerframework:checker-qual:2.0.0\",\r\n        \"com.google.errorprone:error_prone_annotations:2.1.3\",\r\n        \"com.google.j2objc:j2objc-annotations:1.1\",\r\n        \"org.codehaus.mojo:animal-sniffer-annotations:1.14\",\r\n        \"trove:trove:1.0.2\"\r\n      ],\r\n      \"args\": [\r\n        \"--clean\",\r\n        \"{MC_SRG}\",\r\n        \"--output\",\r\n        \"{PATCHED}\",\r\n        \"--apply\",\r\n        \"{BINPATCH}\"\r\n      ]\r\n    }\r\n  ],\r\n  \"libraries\": [\r\n    {\r\n      \"name\": \"com.github.jponge:lzma-java:1.3\",\r\n      \"downloads\": {\r\n        \"artifact\": {\r\n          \"path\": \"com/github/jponge/lzma-java/1.3/lzma-java-1.3.jar\",\r\n          \"url\": \"https://modloaders.forgecdn.net/647622546/maven/com/github/jponge/lzma-java/1.3/lzma-java-1.3.jar\",\r\n          \"sha1\": \"a25db9d4d385ccda4825ae1b47a7a61d86e595af\",\r\n          \"size\": 51041\r\n        }\r\n      }\r\n    },\r\n    {\r\n      \"name\": \"com.google.code.findbugs:jsr305:3.0.2\",\r\n      \"downloads\": {\r\n        \"artifact\": {\r\n          \"path\": \"com/google/code/findbugs/jsr305/3.0.2/jsr305-3.0.2.jar\",\r\n          \"url\": \"https://modloaders.forgecdn.net/647622546/maven/com/google/code/findbugs/jsr305/3.0.2/jsr305-3.0.2.jar\",\r\n          \"sha1\": \"25ea2e8b0c338a877313bd4672d3fe056ea78f0d\",\r\n          \"size\": 19936\r\n        }\r\n      }\r\n    },\r\n    {\r\n      \"name\": \"com.google.code.gson:gson:2.8.7\",\r\n      \"downloads\": {\r\n        \"artifact\": {\r\n          \"path\": \"com/google/code/gson/gson/2.8.7/gson-2.8.7.jar\",\r\n          \"url\": \"https://modloaders.forgecdn.net/647622546/maven/com/google/code/gson/gson/2.8.7/gson-2.8.7.jar\",\r\n          \"sha1\": \"69d9503ea0a40ee16f0bcdac7e3eaf83d0fa914a\",\r\n          \"size\": 240400\r\n        }\r\n      }\r\n    },\r\n    {\r\n      \"name\": \"com.google.errorprone:error_prone_annotations:2.1.3\",\r\n      \"downloads\": {\r\n        \"artifact\": {\r\n          \"path\": \"com/google/errorprone/error_prone_annotations/2.1.3/error_prone_annotations-2.1.3.jar\",\r\n          \"url\": \"https://modloaders.forgecdn.net/647622546/maven/com/google/errorprone/error_prone_annotations/2.1.3/error_prone_annotations-2.1.3.jar\",\r\n          \"sha1\": \"39b109f2cd352b2d71b52a3b5a1a9850e1dc304b\",\r\n          \"size\": 13704\r\n        }\r\n      }\r\n    },\r\n    {\r\n      \"name\": \"com.google.guava:guava:20.0\",\r\n      \"downloads\": {\r\n        \"artifact\": {\r\n          \"path\": \"com/google/guava/guava/20.0/guava-20.0.jar\",\r\n          \"url\": \"https://modloaders.forgecdn.net/647622546/maven/com/google/guava/guava/20.0/guava-20.0.jar\",\r\n          \"sha1\": \"89507701249388e1ed5ddcf8c41f4ce1be7831ef\",\r\n          \"size\": 2442625\r\n        }\r\n      }\r\n    },\r\n    {\r\n      \"name\": \"com.google.guava:guava:25.1-jre\",\r\n      \"downloads\": {\r\n        \"artifact\": {\r\n          \"path\": \"com/google/guava/guava/25.1-jre/guava-25.1-jre.jar\",\r\n          \"url\": \"https://modloaders.forgecdn.net/647622546/maven/com/google/guava/guava/25.1-jre/guava-25.1-jre.jar\",\r\n          \"sha1\": \"6c57e4b22b44e89e548b5c9f70f0c45fe10fb0b4\",\r\n          \"size\": 2734339\r\n        }\r\n      }\r\n    },\r\n    {\r\n      \"name\": \"com.google.j2objc:j2objc-annotations:1.1\",\r\n      \"downloads\": {\r\n        \"artifact\": {\r\n          \"path\": \"com/google/j2objc/j2objc-annotations/1.1/j2objc-annotations-1.1.jar\",\r\n          \"url\": \"https://modloaders.forgecdn.net/647622546/maven/com/google/j2objc/j2objc-annotations/1.1/j2objc-annotations-1.1.jar\",\r\n          \"sha1\": \"ed28ded51a8b1c6b112568def5f4b455e6809019\",\r\n          \"size\": 8782\r\n        }\r\n      }\r\n    },\r\n    {\r\n      \"name\": \"com.nothome:javaxdelta:2.0.1\",\r\n      \"downloads\": {\r\n        \"artifact\": {\r\n          \"path\": \"com/nothome/javaxdelta/2.0.1/javaxdelta-2.0.1.jar\",\r\n          \"url\": \"https://modloaders.forgecdn.net/647622546/maven/com/nothome/javaxdelta/2.0.1/javaxdelta-2.0.1.jar\",\r\n          \"sha1\": \"d4f5d077f1b15c6f67595015d69572303ad3f66d\",\r\n          \"size\": 38995\r\n        }\r\n      }\r\n    },\r\n    {\r\n      \"name\": \"com.opencsv:opencsv:4.4\",\r\n      \"downloads\": {\r\n        \"artifact\": {\r\n          \"path\": \"com/opencsv/opencsv/4.4/opencsv-4.4.jar\",\r\n          \"url\": \"https://modloaders.forgecdn.net/647622546/maven/com/opencsv/opencsv/4.4/opencsv-4.4.jar\",\r\n          \"sha1\": \"525932a1edf46c9ca75aa9c83d31dc180c186865\",\r\n          \"size\": 167167\r\n        }\r\n      }\r\n    },\r\n    {\r\n      \"name\": \"commons-beanutils:commons-beanutils:1.9.3\",\r\n      \"downloads\": {\r\n        \"artifact\": {\r\n          \"path\": \"commons-beanutils/commons-beanutils/1.9.3/commons-beanutils-1.9.3.jar\",\r\n          \"url\": \"https://modloaders.forgecdn.net/647622546/maven/commons-beanutils/commons-beanutils/1.9.3/commons-beanutils-1.9.3.jar\",\r\n          \"sha1\": \"c845703de334ddc6b4b3cd26835458cb1cba1f3d\",\r\n          \"size\": 246174\r\n        }\r\n      }\r\n    },\r\n    {\r\n      \"name\": \"commons-collections:commons-collections:3.2.2\",\r\n      \"downloads\": {\r\n        \"artifact\": {\r\n          \"path\": \"commons-collections/commons-collections/3.2.2/commons-collections-3.2.2.jar\",\r\n          \"url\": \"https://modloaders.forgecdn.net/647622546/maven/commons-collections/commons-collections/3.2.2/commons-collections-3.2.2.jar\",\r\n          \"sha1\": \"8ad72fe39fa8c91eaaf12aadb21e0c3661fe26d5\",\r\n          \"size\": 588337\r\n        }\r\n      }\r\n    },\r\n    {\r\n      \"name\": \"commons-io:commons-io:2.4\",\r\n      \"downloads\": {\r\n        \"artifact\": {\r\n          \"path\": \"commons-io/commons-io/2.4/commons-io-2.4.jar\",\r\n          \"url\": \"https://modloaders.forgecdn.net/647622546/maven/commons-io/commons-io/2.4/commons-io-2.4.jar\",\r\n          \"sha1\": \"b1b6ea3b7e4aa4f492509a4952029cd8e48019ad\",\r\n          \"size\": 185140\r\n        }\r\n      }\r\n    },\r\n    {\r\n      \"name\": \"commons-logging:commons-logging:1.2\",\r\n      \"downloads\": {\r\n        \"artifact\": {\r\n          \"path\": \"commons-logging/commons-logging/1.2/commons-logging-1.2.jar\",\r\n          \"url\": \"https://modloaders.forgecdn.net/647622546/maven/commons-logging/commons-logging/1.2/commons-logging-1.2.jar\",\r\n          \"sha1\": \"4bfc12adfe4842bf07b657f0369c4cb522955686\",\r\n          \"size\": 61829\r\n        }\r\n      }\r\n    },\r\n    {\r\n      \"name\": \"de.oceanlabs.mcp:mcp_config:1.16.5-20210115.111550@zip\",\r\n      \"downloads\": {\r\n        \"artifact\": {\r\n          \"path\": \"de/oceanlabs/mcp/mcp_config/1.16.5-20210115.111550/mcp_config-1.16.5-20210115.111550.zip\",\r\n          \"url\": \"https://modloaders.forgecdn.net/647622546/maven/de/oceanlabs/mcp/mcp_config/1.16.5-20210115.111550/mcp_config-1.16.5-20210115.111550.zip\",\r\n          \"sha1\": \"a81464c686be42933aacac7898f8c0d50edccf51\",\r\n          \"size\": 777652\r\n        }\r\n      }\r\n    },\r\n    {\r\n      \"name\": \"de.siegmar:fastcsv:2.0.0\",\r\n      \"downloads\": {\r\n        \"artifact\": {\r\n          \"path\": \"de/siegmar/fastcsv/2.0.0/fastcsv-2.0.0.jar\",\r\n          \"url\": \"https://modloaders.forgecdn.net/647622546/maven/de/siegmar/fastcsv/2.0.0/fastcsv-2.0.0.jar\",\r\n          \"sha1\": \"b615f26c03edeac966618b93b9ee4f4eed50aae1\",\r\n          \"size\": 29476\r\n        }\r\n      }\r\n    },\r\n    {\r\n      \"name\": \"net.md-5:SpecialSource:1.10.0\",\r\n      \"downloads\": {\r\n        \"artifact\": {\r\n          \"path\": \"net/md-5/SpecialSource/1.10.0/SpecialSource-1.10.0.jar\",\r\n          \"url\": \"https://modloaders.forgecdn.net/647622546/maven/net/md-5/SpecialSource/1.10.0/SpecialSource-1.10.0.jar\",\r\n          \"sha1\": \"125e752c57bbd1483ed7f26d90a17d0784d5db06\",\r\n          \"size\": 84495\r\n        }\r\n      }\r\n    },\r\n    {\r\n      \"name\": \"net.md-5:SpecialSource:1.8.5\",\r\n      \"downloads\": {\r\n        \"artifact\": {\r\n          \"path\": \"net/md-5/SpecialSource/1.8.5/SpecialSource-1.8.5.jar\",\r\n          \"url\": \"https://modloaders.forgecdn.net/647622546/maven/net/md-5/SpecialSource/1.8.5/SpecialSource-1.8.5.jar\",\r\n          \"sha1\": \"c670c493c436a885c872fa4810bc698628b95922\",\r\n          \"size\": 81179\r\n        }\r\n      }\r\n    },\r\n    {\r\n      \"name\": \"net.minecraftforge:binarypatcher:1.0.12\",\r\n      \"downloads\": {\r\n        \"artifact\": {\r\n          \"path\": \"net/minecraftforge/binarypatcher/1.0.12/binarypatcher-1.0.12.jar\",\r\n          \"url\": \"https://modloaders.forgecdn.net/647622546/maven/net/minecraftforge/binarypatcher/1.0.12/binarypatcher-1.0.12.jar\",\r\n          \"sha1\": \"971ea098f83ef2e1b96c1b7849465bb79fd05838\",\r\n          \"size\": 16491\r\n        }\r\n      }\r\n    },\r\n    {\r\n      \"name\": \"net.minecraftforge:forge:1.16.5-36.2.34:universal\",\r\n      \"downloads\": {\r\n        \"artifact\": {\r\n          \"path\": \"net/minecraftforge/forge/1.16.5-36.2.34/forge-1.16.5-36.2.34-universal.jar\",\r\n          \"url\": \"\",\r\n          \"sha1\": \"24aa8afad1764e4ff18eea3071cbb54461943523\",\r\n          \"size\": 2773337\r\n        }\r\n      }\r\n    },\r\n    {\r\n      \"name\": \"net.minecraftforge:installertools:1.2.6\",\r\n      \"downloads\": {\r\n        \"artifact\": {\r\n          \"path\": \"net/minecraftforge/installertools/1.2.6/installertools-1.2.6.jar\",\r\n          \"url\": \"https://modloaders.forgecdn.net/647622546/maven/net/minecraftforge/installertools/1.2.6/installertools-1.2.6.jar\",\r\n          \"sha1\": \"21965826afe136f0d789858727317838e0435dbf\",\r\n          \"size\": 68585\r\n        }\r\n      }\r\n    },\r\n    {\r\n      \"name\": \"net.minecraftforge:jarsplitter:1.1.4\",\r\n      \"downloads\": {\r\n        \"artifact\": {\r\n          \"path\": \"net/minecraftforge/jarsplitter/1.1.4/jarsplitter-1.1.4.jar\",\r\n          \"url\": \"https://modloaders.forgecdn.net/647622546/maven/net/minecraftforge/jarsplitter/1.1.4/jarsplitter-1.1.4.jar\",\r\n          \"sha1\": \"57ce2d6564c1176b23a911ef57127ff3c45bffb3\",\r\n          \"size\": 7405\r\n        }\r\n      }\r\n    },\r\n    {\r\n      \"name\": \"net.minecraftforge:srgutils:0.4.3\",\r\n      \"downloads\": {\r\n        \"artifact\": {\r\n          \"path\": \"net/minecraftforge/srgutils/0.4.3/srgutils-0.4.3.jar\",\r\n          \"url\": \"https://modloaders.forgecdn.net/647622546/maven/net/minecraftforge/srgutils/0.4.3/srgutils-0.4.3.jar\",\r\n          \"sha1\": \"84aecb8fc78bd0dd7299bd9963ac9eb83bd00aad\",\r\n          \"size\": 69020\r\n        }\r\n      }\r\n    },\r\n    {\r\n      \"name\": \"net.sf.jopt-simple:jopt-simple:4.9\",\r\n      \"downloads\": {\r\n        \"artifact\": {\r\n          \"path\": \"net/sf/jopt-simple/jopt-simple/4.9/jopt-simple-4.9.jar\",\r\n          \"url\": \"https://modloaders.forgecdn.net/647622546/maven/net/sf/jopt-simple/jopt-simple/4.9/jopt-simple-4.9.jar\",\r\n          \"sha1\": \"ee9e9eaa0a35360dcfeac129ff4923215fd65904\",\r\n          \"size\": 66469\r\n        }\r\n      }\r\n    },\r\n    {\r\n      \"name\": \"net.sf.jopt-simple:jopt-simple:5.0.4\",\r\n      \"downloads\": {\r\n        \"artifact\": {\r\n          \"path\": \"net/sf/jopt-simple/jopt-simple/5.0.4/jopt-simple-5.0.4.jar\",\r\n          \"url\": \"https://modloaders.forgecdn.net/647622546/maven/net/sf/jopt-simple/jopt-simple/5.0.4/jopt-simple-5.0.4.jar\",\r\n          \"sha1\": \"4fdac2fbe92dfad86aa6e9301736f6b4342a3f5c\",\r\n          \"size\": 78146\r\n        }\r\n      }\r\n    },\r\n    {\r\n      \"name\": \"net.sf.opencsv:opencsv:2.3\",\r\n      \"downloads\": {\r\n        \"artifact\": {\r\n          \"path\": \"net/sf/opencsv/opencsv/2.3/opencsv-2.3.jar\",\r\n          \"url\": \"https://modloaders.forgecdn.net/647622546/maven/net/sf/opencsv/opencsv/2.3/opencsv-2.3.jar\",\r\n          \"sha1\": \"c23708cdb9e80a144db433e23344a788a1fd6599\",\r\n          \"size\": 19827\r\n        }\r\n      }\r\n    },\r\n    {\r\n      \"name\": \"org.apache.commons:commons-collections4:4.2\",\r\n      \"downloads\": {\r\n        \"artifact\": {\r\n          \"path\": \"org/apache/commons/commons-collections4/4.2/commons-collections4-4.2.jar\",\r\n          \"url\": \"https://modloaders.forgecdn.net/647622546/maven/org/apache/commons/commons-collections4/4.2/commons-collections4-4.2.jar\",\r\n          \"sha1\": \"54ebea0a5b653d3c680131e73fe807bb8f78c4ed\",\r\n          \"size\": 752798\r\n        }\r\n      }\r\n    },\r\n    {\r\n      \"name\": \"org.apache.commons:commons-lang3:3.8.1\",\r\n      \"downloads\": {\r\n        \"artifact\": {\r\n          \"path\": \"org/apache/commons/commons-lang3/3.8.1/commons-lang3-3.8.1.jar\",\r\n          \"url\": \"https://modloaders.forgecdn.net/647622546/maven/org/apache/commons/commons-lang3/3.8.1/commons-lang3-3.8.1.jar\",\r\n          \"sha1\": \"6505a72a097d9270f7a9e7bf42c4238283247755\",\r\n          \"size\": 501879\r\n        }\r\n      }\r\n    },\r\n    {\r\n      \"name\": \"org.apache.commons:commons-text:1.3\",\r\n      \"downloads\": {\r\n        \"artifact\": {\r\n          \"path\": \"org/apache/commons/commons-text/1.3/commons-text-1.3.jar\",\r\n          \"url\": \"https://modloaders.forgecdn.net/647622546/maven/org/apache/commons/commons-text/1.3/commons-text-1.3.jar\",\r\n          \"sha1\": \"9abf61708a66ab5e55f6169a200dbfc584b546d9\",\r\n          \"size\": 182954\r\n        }\r\n      }\r\n    },\r\n    {\r\n      \"name\": \"org.checkerframework:checker-qual:2.0.0\",\r\n      \"downloads\": {\r\n        \"artifact\": {\r\n          \"path\": \"org/checkerframework/checker-qual/2.0.0/checker-qual-2.0.0.jar\",\r\n          \"url\": \"https://modloaders.forgecdn.net/647622546/maven/org/checkerframework/checker-qual/2.0.0/checker-qual-2.0.0.jar\",\r\n          \"sha1\": \"518929596ee3249127502a8573b2e008e2d51ed3\",\r\n          \"size\": 343222\r\n        }\r\n      }\r\n    },\r\n    {\r\n      \"name\": \"org.codehaus.mojo:animal-sniffer-annotations:1.14\",\r\n      \"downloads\": {\r\n        \"artifact\": {\r\n          \"path\": \"org/codehaus/mojo/animal-sniffer-annotations/1.14/animal-sniffer-annotations-1.14.jar\",\r\n          \"url\": \"https://modloaders.forgecdn.net/647622546/maven/org/codehaus/mojo/animal-sniffer-annotations/1.14/animal-sniffer-annotations-1.14.jar\",\r\n          \"sha1\": \"775b7e22fb10026eed3f86e8dc556dfafe35f2d5\",\r\n          \"size\": 3482\r\n        }\r\n      }\r\n    },\r\n    {\r\n      \"name\": \"org.ow2.asm:asm-analysis:6.1.1\",\r\n      \"downloads\": {\r\n        \"artifact\": {\r\n          \"path\": \"org/ow2/asm/asm-analysis/6.1.1/asm-analysis-6.1.1.jar\",\r\n          \"url\": \"https://modloaders.forgecdn.net/647622546/maven/org/ow2/asm/asm-analysis/6.1.1/asm-analysis-6.1.1.jar\",\r\n          \"sha1\": \"376d85732456ec4d2c4bc020ee152061c61f00b5\",\r\n          \"size\": 31979\r\n        }\r\n      }\r\n    },\r\n    {\r\n      \"name\": \"org.ow2.asm:asm-analysis:9.1\",\r\n      \"downloads\": {\r\n        \"artifact\": {\r\n          \"path\": \"org/ow2/asm/asm-analysis/9.1/asm-analysis-9.1.jar\",\r\n          \"url\": \"https://modloaders.forgecdn.net/647622546/maven/org/ow2/asm/asm-analysis/9.1/asm-analysis-9.1.jar\",\r\n          \"sha1\": \"4f61b83b81d8b659958f4bcc48907e93ecea55a0\",\r\n          \"size\": 34257\r\n        }\r\n      }\r\n    },\r\n    {\r\n      \"name\": \"org.ow2.asm:asm-commons:6.1.1\",\r\n      \"downloads\": {\r\n        \"artifact\": {\r\n          \"path\": \"org/ow2/asm/asm-commons/6.1.1/asm-commons-6.1.1.jar\",\r\n          \"url\": \"https://modloaders.forgecdn.net/647622546/maven/org/ow2/asm/asm-commons/6.1.1/asm-commons-6.1.1.jar\",\r\n          \"sha1\": \"70a7deee986e66c015cea1c9978f9654cc667020\",\r\n          \"size\": 77745\r\n        }\r\n      }\r\n    },\r\n    {\r\n      \"name\": \"org.ow2.asm:asm-commons:9.1\",\r\n      \"downloads\": {\r\n        \"artifact\": {\r\n          \"path\": \"org/ow2/asm/asm-commons/9.1/asm-commons-9.1.jar\",\r\n          \"url\": \"https://modloaders.forgecdn.net/647622546/maven/org/ow2/asm/asm-commons/9.1/asm-commons-9.1.jar\",\r\n          \"sha1\": \"8b971b182eb5cf100b9e8d4119152d83e00e0fdd\",\r\n          \"size\": 72641\r\n        }\r\n      }\r\n    },\r\n    {\r\n      \"name\": \"org.ow2.asm:asm-tree:6.1.1\",\r\n      \"downloads\": {\r\n        \"artifact\": {\r\n          \"path\": \"org/ow2/asm/asm-tree/6.1.1/asm-tree-6.1.1.jar\",\r\n          \"url\": \"https://modloaders.forgecdn.net/647622546/maven/org/ow2/asm/asm-tree/6.1.1/asm-tree-6.1.1.jar\",\r\n          \"sha1\": \"19fdc358e7bd3986b9867de508ce6cefa693dda6\",\r\n          \"size\": 50050\r\n        }\r\n      }\r\n    },\r\n    {\r\n      \"name\": \"org.ow2.asm:asm-tree:9.1\",\r\n      \"downloads\": {\r\n        \"artifact\": {\r\n          \"path\": \"org/ow2/asm/asm-tree/9.1/asm-tree-9.1.jar\",\r\n          \"url\": \"https://modloaders.forgecdn.net/647622546/maven/org/ow2/asm/asm-tree/9.1/asm-tree-9.1.jar\",\r\n          \"sha1\": \"c333f2a855069cb8eb17a40a3eb8b1b67755d0eb\",\r\n          \"size\": 52662\r\n        }\r\n      }\r\n    },\r\n    {\r\n      \"name\": \"org.ow2.asm:asm:6.1.1\",\r\n      \"downloads\": {\r\n        \"artifact\": {\r\n          \"path\": \"org/ow2/asm/asm/6.1.1/asm-6.1.1.jar\",\r\n          \"url\": \"https://modloaders.forgecdn.net/647622546/maven/org/ow2/asm/asm/6.1.1/asm-6.1.1.jar\",\r\n          \"sha1\": \"264754515362d92acd39e8d40395f6b8dee7bc08\",\r\n          \"size\": 108252\r\n        }\r\n      }\r\n    },\r\n    {\r\n      \"name\": \"org.ow2.asm:asm:9.1\",\r\n      \"downloads\": {\r\n        \"artifact\": {\r\n          \"path\": \"org/ow2/asm/asm/9.1/asm-9.1.jar\",\r\n          \"url\": \"https://modloaders.forgecdn.net/647622546/maven/org/ow2/asm/asm/9.1/asm-9.1.jar\",\r\n          \"sha1\": \"a99500cf6eea30535eeac6be73899d048f8d12a8\",\r\n          \"size\": 121790\r\n        }\r\n      }\r\n    },\r\n    {\r\n      \"name\": \"trove:trove:1.0.2\",\r\n      \"downloads\": {\r\n        \"artifact\": {\r\n          \"path\": \"trove/trove/1.0.2/trove-1.0.2.jar\",\r\n          \"url\": \"https://modloaders.forgecdn.net/647622546/maven/trove/trove/1.0.2/trove-1.0.2.jar\",\r\n          \"sha1\": \"112b40581ab9a4d3de4636d49985a7f686d181c8\",\r\n          \"size\": 361155\r\n        }\r\n      }\r\n    },\r\n    {\r\n      \"name\": \"net.minecraftforge:forge:1.16.5-36.2.34:universal\",\r\n      \"downloads\": {\r\n        \"artifact\": {\r\n          \"path\": \"net/minecraftforge/forge/1.16.5-36.2.34/forge-1.16.5-36.2.34-universal.jar\",\r\n          \"url\": \"https://modloaders.forgecdn.net/647622546/maven/net/minecraftforge/forge/1.16.5-36.2.34/forge-1.16.5-36.2.34-universal.jar\",\r\n          \"size\": 0\r\n        }\r\n      }\r\n    },\r\n    {\r\n      \"name\": \"net.minecraftforge:forge:1.16.5-36.2.34:clientdata@lzma\",\r\n      \"downloads\": {\r\n        \"artifact\": {\r\n          \"path\": \"net/minecraftforge/forge/1.16.5-36.2.34/forge-1.16.5-36.2.34-clientdata.lzma\",\r\n          \"url\": \"https://modloaders.forgecdn.net/647622546/maven/net/minecraftforge/forge/1.16.5-36.2.34/forge-1.16.5-36.2.34-clientdata.lzma\",\r\n          \"size\": 0\r\n        }\r\n      }\r\n    }\r\n  ]\r\n}"},"isUnlocked":true,"javaArgsOverride":null,"lastPlayed":"2022-11-29T09:07:38.9541321Z","playedCount":5,"manifest":null,"fileDate":"0001-01-01T00:00:00","installedModpack":null,"projectID":0,"fileID":0,"customAuthor":null,"modpackOverrides":[],"isMemoryOverride":false,"allocatedMemory":4096,"profileImagePath":null,"isVanilla":false,"guid":"0cd6a3b4-0754-42eb-9002-b1bf671ace9e","gameTypeID":432,"installPath":"H:\\Curseforge\\curseforge\\Instances\\test societycraft\\","name":"test societycraft","cachedScans":[],"isValid":true,"lastPreviousMatchUpdate":"2022-11-29T09:09:50.010581Z","lastRefreshAttempt":"2022-11-29T10:09:52.4847292+01:00","isEnabled":true,"gameVersion":"1.16.5","gameVersionFlavor":null,"gameVersionTypeId":null,"preferenceAlternateFile":false,"preferenceAutoInstallUpdates":false,"preferenceQuickDeleteLibraries":false,"preferenceDeleteSavedVariables":false,"preferenceProcessFileCommands":true,"preferenceReleaseType":1,"preferenceModdingFolderPath":null,"syncProfile":{"PreferenceEnabled":false,"PreferenceAutoSync":true,"PreferenceAutoDelete":false,"PreferenceBackupSavedVariables":false,"GameInstanceGuid":"00000000-0000-0000-0000-000000000000","SyncProfileID":0,"SavedVariablesProfile":null,"LastSyncDate":"0001-01-01T00:00:00"},"installDate":"2022-11-28T14:50:42.456949Z","installedAddons":[{"instanceID":"f6b75760-b284-41df-9590-a03ab15ffb58","modSource":0,"addonID":283644,"gameID":432,"gameInstanceID":"0cd6a3b4-0754-42eb-9002-b1bf671ace9e","name":"Placebo","authors":[{"Name":"Shadows_of_Fire"}],"primaryAuthor":"Shadows_of_Fire","primaryCategoryId":421,"packageType":6,"webSiteURL":"https://www.curseforge.com/minecraft/mc-mods/placebo","thumbnailUrl":"https://media.forgecdn.net/avatars/thumbnails/134/260/256/256/636490526725752670.png","tags":[],"installedFile":{"id":3750838,"fileName":"Placebo-1.16.5-4.7.0.jar","fileDate":"2022-04-14T00:46:46.473Z","fileLength":165522,"releaseType":1,"fileStatus":4,"downloadUrl":"https://edge.forgecdn.net/files/3750/838/Placebo-1.16.5-4.7.0.jar","isAlternate":false,"alternateFileId":0,"dependencies":[],"isAvailable":true,"modules":[{"foldername":"META-INF","fingerprint":1473048690,"invalidFingerprint":false},{"foldername":"shadows","fingerprint":2079047820,"invalidFingerprint":false},{"foldername":"assets","fingerprint":1441000619,"invalidFingerprint":false},{"foldername":"coremods","fingerprint":2382392537,"invalidFingerprint":false},{"foldername":"pack.mcmeta","fingerprint":3099375411,"invalidFingerprint":false},{"foldername":"placebo.mixins.json","fingerprint":1749623246,"invalidFingerprint":false}],"packageFingerprint":443019954,"gameVersion":["1.16.5","Forge"],"sortableGameVersion":[{"gameVersion":"1.16.5","gameVersionName":"1.16.5","gameVersionTypeId":70886},{"gameVersion":"","gameVersionName":"Forge","gameVersionTypeId":68441}],"hasInstallScript":false,"isCompatibleWithClient":false,"restrictProjectFileAccess":0,"projectStatus":4,"projectId":283644,"FileNameOnDisk":"Placebo-1.16.5-4.7.0.jar","Hashes":[]},"dateInstalled":"2022-11-28T15:07:12.4789469Z","dateUpdated":"2022-11-28T15:07:12.4789469Z","dateLastUpdateAttempted":"0001-01-01T00:00:00","status":4,"installSource":0,"preferenceReleaseType":null,"preferenceAutoInstallUpdates":false,"preferenceAlternateFile":false,"preferenceIsIgnored":false,"isModified":false,"isWorkingCopy":false,"isFuzzyMatch":false,"manifestName":null,"installedTargets":[],"latestFile":{"id":3750838,"fileName":"Placebo-1.16.5-4.7.0.jar","fileDate":"2022-04-14T00:46:46.473Z","fileLength":165522,"releaseType":1,"fileStatus":4,"downloadUrl":"https://edge.forgecdn.net/files/3750/838/Placebo-1.16.5-4.7.0.jar","isAlternate":false,"alternateFileId":0,"dependencies":[],"isAvailable":true,"modules":[{"foldername":"META-INF","fingerprint":1473048690,"invalidFingerprint":false},{"foldername":"shadows","fingerprint":2079047820,"invalidFingerprint":false},{"foldername":"assets","fingerprint":1441000619,"invalidFingerprint":false},{"foldername":"coremods","fingerprint":2382392537,"invalidFingerprint":false},{"foldername":"pack.mcmeta","fingerprint":3099375411,"invalidFingerprint":false},{"foldername":"placebo.mixins.json","fingerprint":1749623246,"invalidFingerprint":false}],"packageFingerprint":443019954,"gameVersion":["1.16.5","Forge"],"sortableGameVersion":[{"gameVersion":"1.16.5","gameVersionName":"1.16.5","gameVersionTypeId":70886},{"gameVersion":"","gameVersionName":"Forge","gameVersionTypeId":68441}],"hasInstallScript":false,"isCompatibleWithClient":false,"restrictProjectFileAccess":0,"projectStatus":4,"projectId":283644,"FileNameOnDisk":"Placebo-1.16.5-4.7.0.jar","Hashes":[]}}],"wasNameManuallyChanged":false}